lat_min,bottom_margin,top_margin,kaffeklubben_row,kaffeklubben_pct,lost_south
-60.00,14.33,14.33,25.57,1.11,-
-60.00,7.00,21.66,32.90,1.43,-
-60.00,2.00,26.66,37.90,1.64,-
-60.00,0.00,28.66,39.90,1.73,-
-59.00,7.00,34.51,45.74,1.99,Southern Thule (S. Sandwich Is.)
-59.00,2.00,39.51,50.74,2.20,Southern Thule (S. Sandwich Is.)
-59.00,0.00,41.51,52.74,2.29,Southern Thule (S. Sandwich Is.)
-58.00,7.00,47.60,58.84,2.55,Southern Thule (S. Sandwich Is.); Montagu Island (S. Sandwich Is.)
-58.00,2.00,52.60,63.84,2.77,Southern Thule (S. Sandwich Is.); Montagu Island (S. Sandwich Is.)
-58.00,0.00,54.60,65.84,2.86,Southern Thule (S. Sandwich Is.); Montagu Island (S. Sandwich Is.)
-57.50,7.00,54.24,65.47,2.84,Southern Thule (S. Sandwich Is.); Montagu Island (S. Sandwich Is.); Saunders Island (S. Sandwich Is.)
-57.50,2.00,59.24,70.47,3.06,Southern Thule (S. Sandwich Is.); Montagu Island (S. Sandwich Is.); Saunders Island (S. Sandwich Is.)
-57.50,0.00,61.24,72.47,3.15,Southern Thule (S. Sandwich Is.); Montagu Island (S. Sandwich Is.); Saunders Island (S. Sandwich Is.)
-57.00,7.00,60.94,72.17,3.13,Southern Thule (S. Sandwich Is.); Montagu Island (S. Sandwich Is.); Saunders Island (S. Sandwich Is.); Candlemas Island (S. Sandwich Is.)
-57.00,2.00,65.94,77.17,3.35,Southern Thule (S. Sandwich Is.); Montagu Island (S. Sandwich Is.); Saunders Island (S. Sandwich Is.); Candlemas Island (S. Sandwich Is.)
-57.00,0.00,67.94,79.17,3.44,Southern Thule (S. Sandwich Is.); Montagu Island (S. Sandwich Is.); Saunders Island (S. Sandwich Is.); Candlemas Island (S. Sandwich Is.)
-56.60,7.00,66.34,77.57,3.37,Southern Thule (S. Sandwich Is.); Montagu Island (S. Sandwich Is.); Saunders Island (S. Sandwich Is.); Candlemas Island (S. Sandwich Is.)
-56.60,2.00,71.34,82.57,3.58,Southern Thule (S. Sandwich Is.); Montagu Island (S. Sandwich Is.); Saunders Island (S. Sandwich Is.); Candlemas Island (S. Sandwich Is.)
-56.60,0.00,73.34,84.57,3.67,Southern Thule (S. Sandwich Is.); Montagu Island (S. Sandwich Is.); Saunders Island (S. Sandwich Is.); Candlemas Island (S. Sandwich Is.)
