lambda_b,ramp,place,lon,lat,dlon,zone,u,stretch_ew,area_factor,omega_ee_deg,omega_hybrid_deg,shift_px
60,0.5,Anchorage,-149.90,61.22,-160.80,band,0.840,1.687,1.687,61.7,60.1,-515.2
60,0.5,Nome,-165.41,64.50,-176.31,band,0.969,1.780,1.780,68.7,70.0,-688.9
60,0.5,Anadyr,177.51,64.73,166.61,band,0.888,1.787,1.787,66.9,70.8,615.2
60,0.5,Petropavlovsk-Kamchatsky,158.65,53.02,147.75,band,0.731,1.487,1.487,50.1,39.1,321.7
60,0.5,Magadan,150.80,59.56,139.90,band,0.666,1.643,1.643,54.7,56.0,345.4
60,0.5,Yakutsk,129.73,62.03,118.83,band,0.490,1.709,1.709,52.7,63.8,214.8
60,0.5,Vladivostok,131.89,43.12,120.99,band,0.508,1.303,1.303,34.4,23.2,116.0
60,0.5,Tokyo,139.69,35.68,128.79,band,0.573,1.200,1.200,31.3,13.1,100.3
60,0.5,Sapporo,141.35,43.06,130.45,band,0.587,1.302,1.302,36.9,21.7,151.0
60,0.5,Honolulu,-157.86,21.31,-168.76,band,0.906,1.068,1.068,28.0,9.2,-73.5
60,0.5,Auckland,174.76,-36.85,163.86,band,0.866,1.214,1.214,40.1,8.7,203.5
60,0.5,Wellington,174.78,-41.29,163.88,band,0.866,1.275,1.275,43.9,15.3,254.2
60,0.5,Sydney,151.21,-33.87,140.31,band,0.669,1.179,1.179,32.6,9.4,117.5
60,0.5,Brisbane,153.03,-27.47,142.13,band,0.684,1.115,1.115,28.5,7.8,80.5
60,0.5,Suva,178.44,-18.14,167.54,band,0.896,1.049,1.049,25.4,11.4,52.6
60,0.5,Vancouver,-123.12,49.28,-134.02,band,0.617,1.411,1.411,43.0,32.2,-213.3
60,0.5,Seattle,-122.33,47.61,-133.23,band,0.610,1.379,1.379,41.3,29.1,-196.0
60,0.5,San Francisco,-122.42,37.77,-133.32,band,0.611,1.226,1.226,33.7,14.3,-125.2
60,0.5,Los Angeles,-118.24,34.05,-129.14,band,0.576,1.181,1.181,30.3,11.7,-92.3
60,0.5,Lima,-77.04,-12.05,-87.94,band,0.233,1.010,1.010,17.4,16.5,-1.4
60,0.5,Santiago,-70.67,-33.45,-81.57,band,0.180,1.051,1.051,19.7,17.6,-5.2
60,0.5,Beijing,116.40,39.90,105.50,band,0.379,1.218,1.218,28.2,20.8,52.3
60,0.5,Manila,120.98,14.60,110.08,band,0.417,1.029,1.029,18.8,15.2,8.9
90,0.5,Anchorage,-149.90,61.22,-160.80,band,0.787,1.917,1.917,61.7,66.4,-468.6
90,0.5,Nome,-165.41,64.50,-176.31,band,0.959,2.040,2.040,68.7,76.3,-679.1
90,0.5,Anadyr,177.51,64.73,166.61,band,0.851,2.049,2.049,66.9,77.1,579.4
90,0.5,Petropavlovsk-Kamchatsky,158.65,53.02,147.75,band,0.642,1.649,1.649,50.1,45.7,261.8
90,0.5,Magadan,150.80,59.56,139.90,band,0.554,1.858,1.858,54.7,63.0,252.9
90,0.5,Yakutsk,129.73,62.03,118.83,band,0.320,1.668,1.668,52.7,65.1,79.9
90,0.5,Vladivostok,131.89,43.12,120.99,band,0.344,1.311,1.311,34.4,29.8,48.1
90,0.5,Tokyo,139.69,35.68,128.79,band,0.431,1.253,1.253,31.3,20.5,56.5
90,0.5,Sapporo,141.35,43.06,130.45,band,0.449,1.391,1.391,36.9,29.2,89.6
90,0.5,Honolulu,-157.86,21.31,-168.76,band,0.875,1.091,1.091,28.0,8.3,-70.0
90,0.5,Auckland,174.76,-36.85,163.86,band,0.821,1.286,1.286,40.1,12.7,188.6
90,0.5,Wellington,174.78,-41.29,163.88,band,0.821,1.367,1.367,43.9,19.8,235.7
90,0.5,Sydney,151.21,-33.87,140.31,band,0.559,1.238,1.238,32.6,15.4,86.6
90,0.5,Brisbane,153.03,-27.47,142.13,band,0.579,1.153,1.153,28.5,11.4,61.0
90,0.5,Suva,178.44,-18.14,167.54,band,0.862,1.065,1.065,25.4,10.7,49.7
90,0.5,Vancouver,-123.12,49.28,-134.02,band,0.489,1.547,1.547,43.0,39.6,-139.0
90,0.5,Seattle,-122.33,47.61,-133.23,band,0.480,1.503,1.503,41.3,36.5,-125.3
90,0.5,San Francisco,-122.42,37.77,-133.32,band,0.481,1.300,1.300,33.7,21.5,-80.3
90,0.5,Los Angeles,-118.24,34.05,-129.14,band,0.435,1.230,1.230,30.3,18.9,-52.6
90,0.5,Lima,-77.04,-12.05,-87.94,interior,0.000,1.000,1.000,17.4,17.4,0.0
90,0.5,Santiago,-70.67,-33.45,-81.57,interior,0.000,1.000,1.000,19.7,19.7,0.0
90,0.5,Beijing,116.40,39.90,105.50,band,0.172,1.093,1.093,28.2,26.4,6.5
90,0.5,Manila,120.98,14.60,110.08,band,0.223,1.018,1.018,18.8,17.5,1.8
120,0.5,Anchorage,-149.90,61.22,-160.80,band,0.680,2.375,2.375,61.7,76.7,-375.5
120,0.5,Nome,-165.41,64.50,-176.31,band,0.939,2.560,2.560,68.7,86.2,-659.4
120,0.5,Anadyr,177.51,64.73,166.61,band,0.777,2.574,2.574,66.9,87.1,507.7
120,0.5,Petropavlovsk-Kamchatsky,158.65,53.02,147.75,band,0.463,1.959,1.959,50.1,56.5,142.2
120,0.5,Magadan,150.80,59.56,139.90,band,0.332,1.947,1.947,54.7,68.0,81.0
120,0.5,Yakutsk,129.73,62.03,118.83,interior,0.000,1.000,1.000,52.7,52.7,0.0
120,0.5,Vladivostok,131.89,43.12,120.99,band,0.017,1.002,1.002,34.4,34.4,0.0
120,0.5,Tokyo,139.69,35.68,128.79,band,0.146,1.083,1.083,31.3,29.3,3.3
120,0.5,Sapporo,141.35,43.06,130.45,band,0.174,1.169,1.169,36.9,35.0,7.8
120,0.5,Honolulu,-157.86,21.31,-168.76,band,0.813,1.136,1.136,28.0,7.3,-63.0
120,0.5,Auckland,174.76,-36.85,163.86,band,0.731,1.429,1.429,40.1,19.9,159.0
120,0.5,Wellington,174.78,-41.29,163.88,band,0.731,1.550,1.550,43.9,27.9,198.7
120,0.5,Sydney,151.21,-33.87,140.31,band,0.339,1.270,1.270,32.6,25.1,28.8
120,0.5,Brisbane,153.03,-27.47,142.13,band,0.369,1.191,1.191,28.5,19.6,23.5
120,0.5,Suva,178.44,-18.14,167.54,band,0.792,1.098,1.098,25.4,9.8,44.1
120,0.5,Vancouver,-123.12,49.28,-134.02,band,0.234,1.370,1.370,43.0,43.1,-22.7
120,0.5,Seattle,-122.33,47.61,-133.23,band,0.220,1.312,1.312,41.3,40.5,-18.2
120,0.5,San Francisco,-122.42,37.77,-133.32,band,0.222,1.188,1.188,33.7,30.1,-11.8
120,0.5,Los Angeles,-118.24,34.05,-129.14,band,0.152,1.080,1.080,30.3,28.1,-3.4
120,0.5,Lima,-77.04,-12.05,-87.94,interior,0.000,1.000,1.000,17.4,17.4,0.0
120,0.5,Santiago,-70.67,-33.45,-81.57,interior,0.000,1.000,1.000,19.7,19.7,0.0
120,0.5,Beijing,116.40,39.90,105.50,interior,0.000,1.000,1.000,28.2,28.2,0.0
120,0.5,Manila,120.98,14.60,110.08,interior,0.000,1.000,1.000,18.8,18.8,0.0
